"rank","feature","mean_abs_shap","share","cumulative_share","evidence"
1,"expected_payoff_diff",0.724979044999097,0.423187374894837,0.423187374894837,"SHAP global importance"
2,"low_payoff_diff",0.366011940406712,0.213649805893458,0.636837180788295,"SHAP global importance"
3,"high_lottery_ev_diff",0.216587184677665,0.126427050204904,0.763264230993199,"SHAP global importance"
4,"probability_diff",0.105156033220748,0.0613820578125786,0.824646288805777,"SHAP global importance"
5,"trial_number",0.0630721971315887,0.0368167296932009,0.861463018498978,"SHAP global importance"
6,"game_order",0.0523718691651244,0.0305706957783206,0.892033714277299,"SHAP global importance"
7,"absolute_probability_diff",0.05090565628502,0.0297148327240042,0.921748547001303,"SHAP global importance"
8,"lottery_outcomes_diff",0.0442548826701255,0.0258326192358742,0.947581166237177,"SHAP global importance"
9,"absolute_expected_payoff_diff",0.0385769964235643,0.0225183030605195,0.970099469297697,"SHAP global importance"
10,"ambiguous_b",0.0238757404509484,0.0139368330640783,0.984036302361775,"SHAP global importance"
11,"full_feedback",0.0105773526547119,0.00617425032373182,0.990210552685507,"SHAP global importance"
12,"correlation_positive",0.00606288126281251,0.00353904685053609,0.993749599536043,"SHAP global importance"
13,"time_block",0.00559623585212378,0.00326665491353006,0.997016254449573,"SHAP global importance"
14,"correlation_negative",0.00511157262242607,0.00298374555042691,1,"SHAP global importance"
